--
-- PostgreSQL database dump
--

-- Dumped from database version 16.0
-- Dumped by pg_dump version 16.0

SET statement_timeout = 0;
SET lock_timeout = 0;
SET idle_in_transaction_session_timeout = 0;
SET client_encoding = 'UTF8';
SET standard_conforming_strings = on;
SELECT pg_catalog.set_config('search_path', '', false);
SET check_function_bodies = false;
SET xmloption = content;
SET client_min_messages = warning;
SET row_security = off;

--
-- Name: catalog; Type: SCHEMA; Schema: -; Owner: pg_database_owner
--

CREATE SCHEMA catalog;


ALTER SCHEMA catalog OWNER TO pg_database_owner;

--
-- Name: SCHEMA catalog; Type: COMMENT; Schema: -; Owner: pg_database_owner
--

COMMENT ON SCHEMA catalog IS 'standard public schema';


--
-- Name: adminpack; Type: EXTENSION; Schema: -; Owner: -
--

CREATE EXTENSION IF NOT EXISTS adminpack WITH SCHEMA pg_catalog;


--
-- Name: EXTENSION adminpack; Type: COMMENT; Schema: -; Owner: 
--

COMMENT ON EXTENSION adminpack IS 'administrative functions for PostgreSQL';


SET default_tablespace = '';

SET default_table_access_method = heap;

--
-- Name: clothes_materials; Type: TABLE; Schema: catalog; Owner: postgres
--

CREATE TABLE catalog.clothes_materials (
    material_id integer NOT NULL,
    material_name character varying(255) NOT NULL
);


ALTER TABLE catalog.clothes_materials OWNER TO postgres;

--
-- Name: clothes_materials_material_id_seq; Type: SEQUENCE; Schema: catalog; Owner: postgres
--

CREATE SEQUENCE catalog.clothes_materials_material_id_seq
    AS integer
    START WITH 1
    INCREMENT BY 1
    NO MINVALUE
    NO MAXVALUE
    CACHE 1;


ALTER SEQUENCE catalog.clothes_materials_material_id_seq OWNER TO postgres;

--
-- Name: clothes_materials_material_id_seq; Type: SEQUENCE OWNED BY; Schema: catalog; Owner: postgres
--

ALTER SEQUENCE catalog.clothes_materials_material_id_seq OWNED BY catalog.clothes_materials.material_id;


--
-- Name: clothes_materials_material_id_seq1; Type: SEQUENCE; Schema: catalog; Owner: postgres
--

ALTER TABLE catalog.clothes_materials ALTER COLUMN material_id ADD GENERATED BY DEFAULT AS IDENTITY (
    SEQUENCE NAME catalog.clothes_materials_material_id_seq1
    START WITH 1
    INCREMENT BY 1
    NO MINVALUE
    NO MAXVALUE
    CACHE 1
);


--
-- Name: clothes_media; Type: TABLE; Schema: catalog; Owner: postgres
--

CREATE TABLE catalog.clothes_media (
    photo_id integer NOT NULL,
    model_id integer,
    photo character varying(255)
);


ALTER TABLE catalog.clothes_media OWNER TO postgres;

--
-- Name: clothes_media_photo_id_seq; Type: SEQUENCE; Schema: catalog; Owner: postgres
--

CREATE SEQUENCE catalog.clothes_media_photo_id_seq
    AS integer
    START WITH 1
    INCREMENT BY 1
    NO MINVALUE
    NO MAXVALUE
    CACHE 1;


ALTER SEQUENCE catalog.clothes_media_photo_id_seq OWNER TO postgres;

--
-- Name: clothes_media_photo_id_seq; Type: SEQUENCE OWNED BY; Schema: catalog; Owner: postgres
--

ALTER SEQUENCE catalog.clothes_media_photo_id_seq OWNED BY catalog.clothes_media.photo_id;


--
-- Name: clothes_media_photo_id_seq1; Type: SEQUENCE; Schema: catalog; Owner: postgres
--

ALTER TABLE catalog.clothes_media ALTER COLUMN photo_id ADD GENERATED BY DEFAULT AS IDENTITY (
    SEQUENCE NAME catalog.clothes_media_photo_id_seq1
    START WITH 1
    INCREMENT BY 1
    NO MINVALUE
    NO MAXVALUE
    CACHE 1
);


--
-- Name: clothes_models; Type: TABLE; Schema: catalog; Owner: postgres
--

CREATE TABLE catalog.clothes_models (
    model_id integer NOT NULL,
    model_name character varying(255) NOT NULL,
    description text
);


ALTER TABLE catalog.clothes_models OWNER TO postgres;

--
-- Name: clothes_models_model_id_seq; Type: SEQUENCE; Schema: catalog; Owner: postgres
--

CREATE SEQUENCE catalog.clothes_models_model_id_seq
    AS integer
    START WITH 1
    INCREMENT BY 1
    NO MINVALUE
    NO MAXVALUE
    CACHE 1;


ALTER SEQUENCE catalog.clothes_models_model_id_seq OWNER TO postgres;

--
-- Name: clothes_models_model_id_seq; Type: SEQUENCE OWNED BY; Schema: catalog; Owner: postgres
--

ALTER SEQUENCE catalog.clothes_models_model_id_seq OWNED BY catalog.clothes_models.model_id;


--
-- Name: clothes_models_model_id_seq1; Type: SEQUENCE; Schema: catalog; Owner: postgres
--

ALTER TABLE catalog.clothes_models ALTER COLUMN model_id ADD GENERATED ALWAYS AS IDENTITY (
    SEQUENCE NAME catalog.clothes_models_model_id_seq1
    START WITH 1
    INCREMENT BY 1
    NO MINVALUE
    NO MAXVALUE
    CACHE 1
);


--
-- Name: clothes_patterns; Type: TABLE; Schema: catalog; Owner: postgres
--

CREATE TABLE catalog.clothes_patterns (
    pattern_id integer NOT NULL,
    size character(10),
    pattern_usage real,
    tutorial text,
    material_id integer,
    model_id integer
);


ALTER TABLE catalog.clothes_patterns OWNER TO postgres;

--
-- Name: clothes_patterns_pattern_id_seq; Type: SEQUENCE; Schema: catalog; Owner: postgres
--

CREATE SEQUENCE catalog.clothes_patterns_pattern_id_seq
    AS integer
    START WITH 1
    INCREMENT BY 1
    NO MINVALUE
    NO MAXVALUE
    CACHE 1;


ALTER SEQUENCE catalog.clothes_patterns_pattern_id_seq OWNER TO postgres;

--
-- Name: clothes_patterns_pattern_id_seq; Type: SEQUENCE OWNED BY; Schema: catalog; Owner: postgres
--

ALTER SEQUENCE catalog.clothes_patterns_pattern_id_seq OWNED BY catalog.clothes_patterns.pattern_id;


--
-- Name: clothes_patterns_pattern_id_seq1; Type: SEQUENCE; Schema: catalog; Owner: postgres
--

ALTER TABLE catalog.clothes_patterns ALTER COLUMN pattern_id ADD GENERATED BY DEFAULT AS IDENTITY (
    SEQUENCE NAME catalog.clothes_patterns_pattern_id_seq1
    START WITH 1
    INCREMENT BY 1
    NO MINVALUE
    NO MAXVALUE
    CACHE 1
);


--
-- Name: model_id_sequence; Type: SEQUENCE; Schema: catalog; Owner: postgres
--

CREATE SEQUENCE catalog.model_id_sequence
    START WITH 1
    INCREMENT BY 1
    NO MINVALUE
    NO MAXVALUE
    CACHE 1;


ALTER SEQUENCE catalog.model_id_sequence OWNER TO postgres;

--
-- Data for Name: clothes_materials; Type: TABLE DATA; Schema: catalog; Owner: postgres
--

COPY catalog.clothes_materials (material_id, material_name) FROM stdin;
1	rayon
2	polyester
3	nylon
4	cotton
5	wool
6	rayon
7	silk
8	nylon
9	cotton
10	cotton
11	rayon
12	acrylic
13	cashmere
14	cashmere
15	wool
16	polyester
17	linen
18	rayon
19	silk
20	acrylic
21	silk
22	cashmere
23	cashmere
24	silk
25	silk
26	cashmere
27	cashmere
28	wool
29	wool
30	rayon
\.


--
-- Data for Name: clothes_media; Type: TABLE DATA; Schema: catalog; Owner: postgres
--

COPY catalog.clothes_media (photo_id, model_id, photo) FROM stdin;
1	1	https://photos.google.com/4+
2	2	https://photos.google.com/X+
3	3	https://photos.google.com/p+
4	4	https://photos.google.com/D+
5	5	https://photos.google.com/U+
6	6	https://photos.google.com/L+
7	7	https://photos.google.com/2+
8	8	https://photos.google.com/x+
9	9	https://photos.google.com/e+
10	10	https://photos.google.com/b+
11	11	https://photos.google.com/9+
12	12	https://photos.google.com/1+
13	13	https://photos.google.com/u+
14	14	https://photos.google.com/6+
15	15	https://photos.google.com/9+
16	16	https://photos.google.com/Q+
17	17	https://photos.google.com/m+
18	18	https://photos.google.com/3+
19	19	https://photos.google.com/K+
20	20	https://photos.google.com/x+
21	21	https://photos.google.com/x+
22	22	https://photos.google.com/i+
23	23	https://photos.google.com/y+
24	24	https://photos.google.com/P+
25	25	https://photos.google.com/X+
26	26	https://photos.google.com/z+
27	27	https://photos.google.com/4+
28	28	https://photos.google.com/f+
29	29	https://photos.google.com/U+
30	30	https://photos.google.com/Q+
\.


--
-- Data for Name: clothes_models; Type: TABLE DATA; Schema: catalog; Owner: postgres
--

COPY catalog.clothes_models (model_id, model_name, description) FROM stdin;
1	Skirt	Elegant dress
2	Jeans	Formal suit
3	Skirt	Sporty hoodie
4	Skirt	Casual jeans
5	Skirt	Sporty hoodie
6	Jacket	Formal suit
7	Hoodie	Formal suit
8	T-shirt	Formal suit
9	Sweater	Formal suit
10	Jacket	Formal suit
11	Sweater	Bohemian skirt
12	Shorts	Formal suit
13	Pants	Casual jeans
14	Hoodie	Formal suit
15	Pants	Bohemian skirt
16	Skirt	Casual jeans
17	Blouse	Elegant dress
18	Jeans	Elegant dress
19	Hoodie	Bohemian skirt
20	T-shirt	Formal suit
21	Sweater	Elegant dress
22	Sweater	Elegant dress
23	Blouse	Sporty hoodie
24	Hoodie	Elegant dress
25	Blouse	Formal suit
26	Sweater	Bohemian skirt
27	Hoodie	Casual jeans
28	Dress	Formal suit
29	Pants	Bohemian skirt
30	Skirt	Formal suit
31	T-shirt	Sporty hoodie
32	Jacket	Casual jeans
33	Shorts	Casual jeans
34	Blouse	Sporty hoodie
35	Skirt	Casual jeans
36	Dress	Casual jeans
37	Jacket	Elegant dress
38	T-shirt	Sporty hoodie
39	Jacket	Elegant dress
40	Hoodie	Formal suit
41	T-shirt	Elegant dress
42	T-shirt	Elegant dress
43	Dress	Casual jeans
44	Jeans	Casual jeans
45	Skirt	Casual jeans
46	Shorts	Sporty hoodie
47	Jacket	Elegant dress
48	Jacket	Bohemian skirt
49	T-shirt	Elegant dress
50	Jacket	Formal suit
51	Skirt	Sporty hoodie
52	Sweater	Elegant dress
53	Hoodie	Bohemian skirt
54	Shorts	Elegant dress
55	Jacket	Formal suit
56	Jacket	Elegant dress
57	Skirt	Elegant dress
58	Jeans	Casual jeans
59	Dress	Bohemian skirt
60	Sweater	Elegant dress
61	Blouse	Casual jeans
62	Jacket	Sporty hoodie
63	Shorts	Sporty hoodie
64	Hoodie	Sporty hoodie
65	Dress	Sporty hoodie
66	Blouse	Formal suit
67	Blouse	Sporty hoodie
68	Jacket	Elegant dress
69	Dress	Formal suit
70	Pants	Casual jeans
71	Jacket	Bohemian skirt
72	Skirt	Elegant dress
73	Jacket	Bohemian skirt
74	Pants	Bohemian skirt
75	T-shirt	Elegant dress
76	Sweater	Bohemian skirt
77	Blouse	Bohemian skirt
78	Skirt	Casual jeans
79	T-shirt	Sporty hoodie
80	Dress	Formal suit
81	Dress	Casual jeans
82	Sweater	Formal suit
83	Hoodie	Sporty hoodie
84	Shorts	Casual jeans
85	Blouse	Sporty hoodie
86	Blouse	Casual jeans
87	Pants	Casual jeans
88	Jacket	Sporty hoodie
89	Pants	Sporty hoodie
90	Sweater	Bohemian skirt
91	Dress	Bohemian skirt
92	Jeans	Bohemian skirt
93	Jeans	Formal suit
94	Dress	Sporty hoodie
95	Blouse	Formal suit
96	Jeans	Formal suit
97	Skirt	Bohemian skirt
98	Blouse	Elegant dress
99	T-shirt	Formal suit
100	T-shirt	Formal suit
101	Hoodie	Casual jeans
102	Shorts	Casual jeans
103	Skirt	Elegant dress
104	Jacket	Casual jeans
105	Jeans	Formal suit
106	Skirt	Sporty hoodie
107	Skirt	Bohemian skirt
108	Sweater	Bohemian skirt
109	Shorts	Casual jeans
110	Blouse	Formal suit
111	Skirt	Sporty hoodie
112	Pants	Elegant dress
113	Pants	Casual jeans
114	T-shirt	Casual jeans
115	Jeans	Formal suit
116	Jeans	Elegant dress
117	Shorts	Sporty hoodie
118	Dress	Bohemian skirt
119	Hoodie	Casual jeans
120	Hoodie	Bohemian skirt
121	Dress	Casual jeans
122	Skirt	Formal suit
123	T-shirt	Casual jeans
124	Shorts	Casual jeans
125	Blouse	Sporty hoodie
126	Dress	Bohemian skirt
127	Pants	Sporty hoodie
128	Sweater	Casual jeans
129	Sweater	Bohemian skirt
130	Shorts	Elegant dress
131	Jacket	Sporty hoodie
132	Blouse	Sporty hoodie
133	Sweater	Casual jeans
134	Pants	Casual jeans
135	Shorts	Sporty hoodie
136	Skirt	Bohemian skirt
137	Skirt	Formal suit
138	T-shirt	Bohemian skirt
139	Sweater	Bohemian skirt
140	Blouse	Formal suit
141	Skirt	Formal suit
142	Dress	Formal suit
143	T-shirt	Elegant dress
144	Pants	Elegant dress
145	T-shirt	Formal suit
146	Pants	Formal suit
147	T-shirt	Formal suit
148	Jeans	Formal suit
149	T-shirt	Elegant dress
150	Jeans	Casual jeans
151	Jacket	Casual jeans
152	Shorts	Casual jeans
153	Sweater	Bohemian skirt
154	Jacket	Bohemian skirt
155	T-shirt	Casual jeans
156	Skirt	Formal suit
157	Skirt	Casual jeans
158	Jeans	Sporty hoodie
159	Hoodie	Casual jeans
160	T-shirt	Bohemian skirt
161	Hoodie	Formal suit
162	Jeans	Bohemian skirt
163	Skirt	Bohemian skirt
164	Hoodie	Sporty hoodie
165	Hoodie	Elegant dress
166	Dress	Bohemian skirt
167	Dress	Elegant dress
168	Jacket	Casual jeans
169	Skirt	Bohemian skirt
170	Skirt	Bohemian skirt
171	Dress	Sporty hoodie
172	Jeans	Bohemian skirt
173	Shorts	Sporty hoodie
174	Jeans	Elegant dress
175	T-shirt	Casual jeans
176	Dress	Bohemian skirt
177	Pants	Sporty hoodie
178	T-shirt	Elegant dress
179	Blouse	Formal suit
180	Sweater	Formal suit
181	T-shirt	Sporty hoodie
182	Pants	Elegant dress
183	T-shirt	Formal suit
184	Pants	Bohemian skirt
185	Pants	Formal suit
186	T-shirt	Sporty hoodie
187	Jeans	Elegant dress
188	Hoodie	Bohemian skirt
189	Dress	Bohemian skirt
190	Skirt	Bohemian skirt
191	Hoodie	Bohemian skirt
192	Pants	Bohemian skirt
193	Shorts	Formal suit
194	Hoodie	Casual jeans
195	Sweater	Casual jeans
196	Dress	Elegant dress
197	Pants	Sporty hoodie
198	Skirt	Casual jeans
199	T-shirt	Bohemian skirt
200	Shorts	Bohemian skirt
201	Jacket	Casual jeans
202	T-shirt	Casual jeans
203	Shorts	Casual jeans
204	Dress	Bohemian skirt
205	Shorts	Bohemian skirt
206	Shorts	Bohemian skirt
207	Dress	Sporty hoodie
208	Blouse	Elegant dress
209	Jeans	Formal suit
210	Skirt	Formal suit
211	Jacket	Formal suit
212	Sweater	Elegant dress
213	T-shirt	Sporty hoodie
214	T-shirt	Bohemian skirt
215	T-shirt	Bohemian skirt
216	Dress	Bohemian skirt
217	T-shirt	Bohemian skirt
218	T-shirt	Casual jeans
219	Sweater	Formal suit
220	Dress	Bohemian skirt
221	Sweater	Sporty hoodie
222	Skirt	Sporty hoodie
223	Dress	Casual jeans
224	Dress	Elegant dress
225	Dress	Formal suit
226	Hoodie	Casual jeans
227	T-shirt	Elegant dress
228	Dress	Sporty hoodie
229	Pants	Casual jeans
230	Sweater	Sporty hoodie
231	Jacket	Formal suit
232	Jacket	Bohemian skirt
233	Hoodie	Formal suit
234	Pants	Casual jeans
235	Jeans	Sporty hoodie
236	Jeans	Elegant dress
237	Pants	Sporty hoodie
238	T-shirt	Bohemian skirt
239	Sweater	Formal suit
240	Jacket	Formal suit
241	T-shirt	Casual jeans
242	Sweater	Casual jeans
243	Sweater	Casual jeans
244	Shorts	Elegant dress
245	Skirt	Bohemian skirt
246	T-shirt	Bohemian skirt
247	Hoodie	Sporty hoodie
248	Hoodie	Formal suit
249	Blouse	Bohemian skirt
250	Blouse	Bohemian skirt
251	T-shirt	Elegant dress
252	Blouse	Elegant dress
253	Shorts	Sporty hoodie
254	T-shirt	Sporty hoodie
255	Hoodie	Formal suit
256	Pants	Formal suit
257	Blouse	Sporty hoodie
258	Jeans	Casual jeans
259	Pants	Formal suit
260	Skirt	Sporty hoodie
261	Blouse	Bohemian skirt
262	Shorts	Bohemian skirt
263	Jeans	Bohemian skirt
264	Shorts	Elegant dress
265	T-shirt	Elegant dress
266	Shorts	Elegant dress
267	Skirt	Bohemian skirt
268	Hoodie	Elegant dress
269	Blouse	Formal suit
270	Sweater	Elegant dress
271	Hoodie	Sporty hoodie
272	Blouse	Casual jeans
273	Pants	Bohemian skirt
274	Jacket	Formal suit
275	Skirt	Casual jeans
276	Jeans	Bohemian skirt
277	Jacket	Formal suit
278	T-shirt	Casual jeans
279	Blouse	Elegant dress
280	Dress	Bohemian skirt
281	Blouse	Bohemian skirt
282	Dress	Formal suit
283	Jeans	Casual jeans
284	Blouse	Sporty hoodie
285	Hoodie	Casual jeans
286	Skirt	Sporty hoodie
287	Shorts	Sporty hoodie
288	Sweater	Formal suit
289	Skirt	Formal suit
290	Shorts	Formal suit
291	Shorts	Formal suit
292	Sweater	Casual jeans
293	T-shirt	Sporty hoodie
294	Blouse	Casual jeans
295	Skirt	Sporty hoodie
296	Blouse	Casual jeans
297	Shorts	Sporty hoodie
298	Skirt	Formal suit
299	Skirt	Elegant dress
300	Shorts	Casual jeans
301	Dress	Casual jeans
302	Dress	Bohemian skirt
303	Sweater	Bohemian skirt
304	Blouse	Formal suit
305	Blouse	Elegant dress
306	Shorts	Elegant dress
307	Skirt	Bohemian skirt
308	Jacket	Formal suit
309	Hoodie	Formal suit
310	Shorts	Sporty hoodie
311	Shorts	Sporty hoodie
312	Shorts	Casual jeans
313	Shorts	Bohemian skirt
314	Blouse	Sporty hoodie
315	Jacket	Elegant dress
316	Sweater	Formal suit
317	Sweater	Bohemian skirt
318	Sweater	Casual jeans
319	Shorts	Formal suit
320	Skirt	Elegant dress
321	T-shirt	Casual jeans
322	Shorts	Formal suit
323	Sweater	Formal suit
324	Skirt	Casual jeans
325	Jacket	Bohemian skirt
326	Jacket	Casual jeans
327	Dress	Elegant dress
328	T-shirt	Bohemian skirt
329	Hoodie	Casual jeans
330	T-shirt	Formal suit
331	Jacket	Formal suit
332	Jeans	Elegant dress
333	Sweater	Formal suit
334	Jeans	Casual jeans
335	T-shirt	Formal suit
336	Skirt	Formal suit
337	Jeans	Formal suit
338	Skirt	Sporty hoodie
339	Blouse	Elegant dress
340	Skirt	Casual jeans
341	Skirt	Sporty hoodie
342	Sweater	Bohemian skirt
343	Blouse	Bohemian skirt
344	Sweater	Casual jeans
345	Dress	Elegant dress
346	Blouse	Elegant dress
347	Jeans	Elegant dress
348	Hoodie	Casual jeans
349	Blouse	Casual jeans
350	Pants	Casual jeans
351	Sweater	Sporty hoodie
352	Pants	Bohemian skirt
353	Blouse	Formal suit
354	Hoodie	Elegant dress
355	Pants	Elegant dress
356	Shorts	Bohemian skirt
357	Skirt	Formal suit
358	Jeans	Elegant dress
359	Jeans	Elegant dress
360	Shorts	Sporty hoodie
361	Shorts	Formal suit
362	Jeans	Formal suit
363	Jeans	Formal suit
364	Shorts	Formal suit
365	Hoodie	Sporty hoodie
366	Jeans	Bohemian skirt
367	T-shirt	Bohemian skirt
368	T-shirt	Bohemian skirt
369	T-shirt	Formal suit
370	Jacket	Formal suit
371	Hoodie	Casual jeans
372	Pants	Sporty hoodie
373	Jacket	Formal suit
374	Shorts	Formal suit
375	Hoodie	Casual jeans
376	Sweater	Casual jeans
377	Sweater	Formal suit
378	Hoodie	Elegant dress
379	Shorts	Elegant dress
380	Shorts	Formal suit
381	Skirt	Casual jeans
382	Dress	Casual jeans
383	Sweater	Formal suit
384	T-shirt	Formal suit
385	Sweater	Casual jeans
386	Jacket	Elegant dress
387	Dress	Elegant dress
388	Shorts	Formal suit
389	Skirt	Bohemian skirt
390	Jeans	Formal suit
391	T-shirt	Casual jeans
392	Dress	Formal suit
393	Jacket	Formal suit
394	Jeans	Formal suit
395	Hoodie	Casual jeans
396	Jacket	Sporty hoodie
397	Skirt	Formal suit
398	Blouse	Formal suit
399	Jeans	Formal suit
400	Jacket	Bohemian skirt
401	Shorts	Casual jeans
402	T-shirt	Bohemian skirt
403	Sweater	Formal suit
404	Hoodie	Elegant dress
405	T-shirt	Elegant dress
406	Jeans	Sporty hoodie
407	Sweater	Elegant dress
408	Jacket	Formal suit
409	Pants	Casual jeans
410	Skirt	Bohemian skirt
411	Shorts	Sporty hoodie
412	Jacket	Elegant dress
413	Sweater	Casual jeans
414	Sweater	Casual jeans
415	Pants	Sporty hoodie
416	Hoodie	Sporty hoodie
417	Sweater	Bohemian skirt
418	Skirt	Casual jeans
419	Shorts	Elegant dress
420	Dress	Casual jeans
421	Dress	Formal suit
422	Skirt	Elegant dress
423	Skirt	Elegant dress
424	T-shirt	Elegant dress
425	Hoodie	Casual jeans
426	Hoodie	Formal suit
427	Blouse	Formal suit
428	Jacket	Formal suit
429	Jeans	Formal suit
430	Blouse	Formal suit
431	Sweater	Bohemian skirt
432	Shorts	Sporty hoodie
433	Jacket	Formal suit
434	Shorts	Casual jeans
435	Sweater	Elegant dress
436	Jeans	Elegant dress
437	T-shirt	Bohemian skirt
438	Pants	Bohemian skirt
439	Blouse	Casual jeans
440	Jeans	Sporty hoodie
441	Skirt	Elegant dress
442	Hoodie	Formal suit
443	Hoodie	Elegant dress
444	T-shirt	Sporty hoodie
445	Shorts	Bohemian skirt
446	Hoodie	Bohemian skirt
447	T-shirt	Bohemian skirt
448	Shorts	Casual jeans
449	Sweater	Casual jeans
450	Pants	Casual jeans
451	Jeans	Bohemian skirt
452	Jeans	Casual jeans
453	Jeans	Bohemian skirt
454	Skirt	Bohemian skirt
455	Jeans	Casual jeans
456	Shorts	Sporty hoodie
457	Skirt	Elegant dress
458	Skirt	Bohemian skirt
459	Blouse	Bohemian skirt
460	Skirt	Bohemian skirt
461	Dress	Bohemian skirt
462	Hoodie	Elegant dress
463	T-shirt	Bohemian skirt
464	Jeans	Casual jeans
465	Sweater	Bohemian skirt
466	Jeans	Casual jeans
467	Shorts	Sporty hoodie
468	Skirt	Formal suit
469	Jacket	Elegant dress
470	Jeans	Casual jeans
471	Skirt	Elegant dress
472	T-shirt	Sporty hoodie
473	Shorts	Casual jeans
474	Hoodie	Sporty hoodie
475	Hoodie	Casual jeans
476	Pants	Sporty hoodie
477	T-shirt	Casual jeans
478	T-shirt	Sporty hoodie
479	Hoodie	Elegant dress
480	Dress	Formal suit
481	Jacket	Elegant dress
482	Dress	Formal suit
483	Dress	Casual jeans
484	Shorts	Formal suit
485	Blouse	Bohemian skirt
486	T-shirt	Sporty hoodie
487	T-shirt	Formal suit
488	T-shirt	Formal suit
489	Shorts	Sporty hoodie
490	T-shirt	Bohemian skirt
491	Hoodie	Formal suit
492	T-shirt	Bohemian skirt
493	Dress	Bohemian skirt
494	Jeans	Sporty hoodie
495	Blouse	Elegant dress
496	Shorts	Casual jeans
497	Shorts	Casual jeans
498	Hoodie	Casual jeans
499	Sweater	Sporty hoodie
500	Skirt	Elegant dress
501	Sweater	Elegant dress
502	Hoodie	Sporty hoodie
503	Blouse	Sporty hoodie
504	Sweater	Bohemian skirt
505	T-shirt	Sporty hoodie
506	Jacket	Formal suit
507	Jacket	Bohemian skirt
508	Dress	Formal suit
509	Shorts	Formal suit
510	Jeans	Formal suit
511	Hoodie	Formal suit
512	Skirt	Casual jeans
513	Pants	Formal suit
514	Jacket	Elegant dress
515	Pants	Formal suit
516	Skirt	Sporty hoodie
517	Blouse	Elegant dress
518	Jeans	Formal suit
519	Jacket	Formal suit
520	T-shirt	Elegant dress
521	Hoodie	Sporty hoodie
522	T-shirt	Bohemian skirt
523	Blouse	Formal suit
524	Jeans	Elegant dress
525	Hoodie	Elegant dress
526	T-shirt	Sporty hoodie
527	Dress	Sporty hoodie
528	Jeans	Elegant dress
529	Skirt	Casual jeans
530	Hoodie	Casual jeans
531	Jacket	Formal suit
532	Jeans	Bohemian skirt
533	Pants	Bohemian skirt
534	Jacket	Casual jeans
535	Pants	Casual jeans
536	Sweater	Elegant dress
537	Dress	Sporty hoodie
538	Blouse	Bohemian skirt
539	Skirt	Formal suit
540	T-shirt	Elegant dress
541	T-shirt	Elegant dress
542	Dress	Bohemian skirt
543	Jeans	Casual jeans
544	Skirt	Casual jeans
545	Skirt	Sporty hoodie
546	Dress	Bohemian skirt
547	Pants	Casual jeans
548	Sweater	Elegant dress
549	Shorts	Formal suit
550	Jacket	Casual jeans
551	Jacket	Sporty hoodie
552	Hoodie	Elegant dress
553	Hoodie	Bohemian skirt
554	Jacket	Casual jeans
555	Skirt	Bohemian skirt
556	Sweater	Elegant dress
557	Jacket	Bohemian skirt
558	Jeans	Bohemian skirt
559	Pants	Casual jeans
560	Dress	Bohemian skirt
561	Jeans	Sporty hoodie
562	Pants	Formal suit
563	Dress	Bohemian skirt
564	Jeans	Elegant dress
565	Sweater	Elegant dress
566	T-shirt	Sporty hoodie
567	T-shirt	Bohemian skirt
568	Dress	Casual jeans
569	Pants	Formal suit
570	Hoodie	Elegant dress
571	Jacket	Sporty hoodie
572	Skirt	Bohemian skirt
573	Jacket	Bohemian skirt
574	Shorts	Sporty hoodie
575	Shorts	Bohemian skirt
576	Dress	Sporty hoodie
577	Dress	Bohemian skirt
578	Blouse	Formal suit
579	Sweater	Sporty hoodie
580	Jacket	Casual jeans
581	T-shirt	Elegant dress
582	Hoodie	Elegant dress
583	Jacket	Elegant dress
584	Skirt	Elegant dress
585	Shorts	Bohemian skirt
586	T-shirt	Sporty hoodie
587	Jeans	Bohemian skirt
588	T-shirt	Sporty hoodie
589	Sweater	Bohemian skirt
590	Hoodie	Formal suit
591	Jeans	Bohemian skirt
592	Pants	Formal suit
593	Sweater	Casual jeans
594	T-shirt	Casual jeans
595	Jeans	Elegant dress
596	Jacket	Bohemian skirt
597	Sweater	Bohemian skirt
598	Shorts	Formal suit
599	Pants	Formal suit
600	Jeans	Sporty hoodie
601	Shorts	Sporty hoodie
602	T-shirt	Sporty hoodie
603	Dress	Bohemian skirt
604	Jacket	Sporty hoodie
605	T-shirt	Sporty hoodie
606	Hoodie	Sporty hoodie
607	Skirt	Bohemian skirt
608	Hoodie	Sporty hoodie
609	Sweater	Sporty hoodie
610	Pants	Elegant dress
611	Pants	Sporty hoodie
612	Pants	Sporty hoodie
613	Jacket	Sporty hoodie
614	Skirt	Casual jeans
615	Pants	Bohemian skirt
616	Shorts	Formal suit
617	Sweater	Elegant dress
618	Dress	Bohemian skirt
619	Sweater	Bohemian skirt
620	Skirt	Bohemian skirt
621	Dress	Sporty hoodie
622	Skirt	Casual jeans
623	Jacket	Elegant dress
624	Hoodie	Sporty hoodie
625	Jacket	Bohemian skirt
626	Pants	Casual jeans
627	Skirt	Bohemian skirt
628	T-shirt	Formal suit
629	Dress	Casual jeans
630	Dress	Formal suit
631	Pants	Elegant dress
632	Hoodie	Sporty hoodie
633	Jeans	Bohemian skirt
634	Sweater	Formal suit
635	Jacket	Formal suit
636	Sweater	Sporty hoodie
637	Blouse	Formal suit
638	Jacket	Elegant dress
639	Hoodie	Formal suit
640	Jacket	Sporty hoodie
641	Skirt	Sporty hoodie
642	Jeans	Casual jeans
643	Blouse	Sporty hoodie
644	Hoodie	Bohemian skirt
645	Blouse	Sporty hoodie
646	Skirt	Casual jeans
647	Shorts	Elegant dress
648	T-shirt	Bohemian skirt
649	Sweater	Casual jeans
650	Hoodie	Sporty hoodie
651	Blouse	Bohemian skirt
652	Jacket	Sporty hoodie
653	Jeans	Elegant dress
654	T-shirt	Elegant dress
655	Dress	Bohemian skirt
656	Blouse	Bohemian skirt
657	Blouse	Sporty hoodie
658	T-shirt	Casual jeans
659	Hoodie	Elegant dress
660	Skirt	Sporty hoodie
661	Pants	Casual jeans
662	Jacket	Sporty hoodie
663	Pants	Casual jeans
664	Hoodie	Casual jeans
665	Blouse	Casual jeans
666	Jeans	Casual jeans
667	Skirt	Formal suit
668	T-shirt	Elegant dress
669	Sweater	Bohemian skirt
670	Dress	Elegant dress
671	Jacket	Casual jeans
672	Hoodie	Formal suit
673	Pants	Sporty hoodie
674	Hoodie	Formal suit
675	Pants	Formal suit
676	Skirt	Sporty hoodie
677	Sweater	Sporty hoodie
678	Hoodie	Bohemian skirt
679	T-shirt	Elegant dress
680	T-shirt	Casual jeans
681	T-shirt	Sporty hoodie
682	Shorts	Bohemian skirt
683	Blouse	Formal suit
684	T-shirt	Bohemian skirt
685	Hoodie	Formal suit
686	Jeans	Bohemian skirt
687	Dress	Casual jeans
688	Hoodie	Casual jeans
689	Dress	Sporty hoodie
690	Jeans	Casual jeans
691	Dress	Elegant dress
692	Pants	Bohemian skirt
693	Dress	Elegant dress
694	Blouse	Casual jeans
695	Jeans	Elegant dress
696	Dress	Bohemian skirt
697	Blouse	Sporty hoodie
698	T-shirt	Bohemian skirt
699	Pants	Bohemian skirt
700	Sweater	Casual jeans
701	Pants	Formal suit
702	T-shirt	Formal suit
703	Jacket	Sporty hoodie
704	T-shirt	Casual jeans
705	Pants	Sporty hoodie
706	T-shirt	Bohemian skirt
707	Jeans	Bohemian skirt
708	Jeans	Formal suit
709	Jeans	Elegant dress
710	Dress	Formal suit
711	Blouse	Bohemian skirt
712	Shorts	Casual jeans
713	Sweater	Casual jeans
714	Skirt	Elegant dress
715	Skirt	Sporty hoodie
716	Pants	Bohemian skirt
717	Blouse	Bohemian skirt
718	Hoodie	Sporty hoodie
719	Shorts	Formal suit
720	Dress	Formal suit
721	Dress	Elegant dress
722	Dress	Formal suit
723	Dress	Formal suit
724	Sweater	Bohemian skirt
725	T-shirt	Bohemian skirt
726	T-shirt	Bohemian skirt
727	Jacket	Bohemian skirt
728	Hoodie	Elegant dress
729	Dress	Sporty hoodie
730	Blouse	Sporty hoodie
731	Skirt	Bohemian skirt
732	Jeans	Sporty hoodie
733	Pants	Casual jeans
734	Pants	Formal suit
735	Jacket	Bohemian skirt
736	Jeans	Elegant dress
737	Dress	Formal suit
738	Sweater	Sporty hoodie
739	Shorts	Sporty hoodie
740	Pants	Sporty hoodie
741	Shorts	Bohemian skirt
742	Hoodie	Casual jeans
743	Sweater	Casual jeans
744	Dress	Formal suit
745	Jeans	Bohemian skirt
746	T-shirt	Sporty hoodie
747	Sweater	Formal suit
748	Sweater	Elegant dress
749	Shorts	Sporty hoodie
750	Sweater	Sporty hoodie
751	T-shirt	Casual jeans
752	Sweater	Bohemian skirt
753	Sweater	Bohemian skirt
754	Blouse	Formal suit
755	Jeans	Elegant dress
756	Skirt	Formal suit
757	Sweater	Formal suit
758	Blouse	Sporty hoodie
759	Jeans	Bohemian skirt
760	Hoodie	Formal suit
761	Jacket	Sporty hoodie
762	Sweater	Formal suit
763	Jacket	Sporty hoodie
764	Blouse	Formal suit
765	T-shirt	Sporty hoodie
766	T-shirt	Formal suit
767	T-shirt	Formal suit
768	Blouse	Formal suit
769	Shorts	Sporty hoodie
770	Blouse	Casual jeans
771	Blouse	Casual jeans
772	Jeans	Sporty hoodie
773	Skirt	Formal suit
774	Skirt	Elegant dress
775	Sweater	Sporty hoodie
776	T-shirt	Formal suit
777	Skirt	Formal suit
778	Jacket	Casual jeans
779	Sweater	Formal suit
780	Skirt	Formal suit
781	Sweater	Sporty hoodie
782	Jacket	Sporty hoodie
783	Pants	Elegant dress
784	Dress	Formal suit
785	T-shirt	Formal suit
786	Dress	Formal suit
787	Blouse	Elegant dress
788	Jacket	Bohemian skirt
789	Pants	Sporty hoodie
790	Hoodie	Sporty hoodie
791	Shorts	Formal suit
792	Shorts	Elegant dress
793	Dress	Elegant dress
794	Sweater	Elegant dress
795	Dress	Formal suit
796	Jacket	Elegant dress
797	T-shirt	Casual jeans
798	Pants	Casual jeans
799	Dress	Bohemian skirt
800	Jeans	Formal suit
801	Shorts	Casual jeans
802	Skirt	Elegant dress
803	Blouse	Casual jeans
804	Jacket	Bohemian skirt
805	Sweater	Sporty hoodie
806	T-shirt	Sporty hoodie
807	Sweater	Bohemian skirt
808	Jacket	Elegant dress
809	Pants	Formal suit
810	Skirt	Casual jeans
811	Skirt	Formal suit
812	Skirt	Sporty hoodie
813	Dress	Bohemian skirt
814	Jeans	Elegant dress
815	Dress	Elegant dress
816	Pants	Casual jeans
817	Dress	Casual jeans
818	Pants	Elegant dress
819	Dress	Formal suit
820	Pants	Elegant dress
821	Skirt	Casual jeans
822	Jeans	Bohemian skirt
823	T-shirt	Casual jeans
824	Sweater	Elegant dress
825	Hoodie	Elegant dress
826	Jeans	Sporty hoodie
827	Blouse	Casual jeans
828	Sweater	Sporty hoodie
829	Hoodie	Elegant dress
830	Hoodie	Elegant dress
831	Jeans	Casual jeans
832	Sweater	Sporty hoodie
833	Pants	Casual jeans
834	Sweater	Sporty hoodie
835	Shorts	Bohemian skirt
836	Jeans	Formal suit
837	Sweater	Sporty hoodie
838	Jeans	Bohemian skirt
839	Skirt	Casual jeans
840	Jacket	Sporty hoodie
841	Dress	Bohemian skirt
842	Dress	Casual jeans
843	Dress	Casual jeans
844	Jeans	Casual jeans
845	T-shirt	Elegant dress
846	Jacket	Sporty hoodie
847	Pants	Sporty hoodie
848	Skirt	Bohemian skirt
849	Jeans	Sporty hoodie
850	T-shirt	Elegant dress
851	Dress	Bohemian skirt
852	Sweater	Sporty hoodie
853	Sweater	Formal suit
854	Jacket	Elegant dress
855	Jeans	Formal suit
856	Jacket	Elegant dress
857	Blouse	Bohemian skirt
858	Pants	Sporty hoodie
859	Dress	Casual jeans
860	Dress	Formal suit
861	Dress	Sporty hoodie
862	T-shirt	Sporty hoodie
863	Skirt	Sporty hoodie
864	Dress	Sporty hoodie
865	Skirt	Casual jeans
866	Dress	Sporty hoodie
867	Sweater	Sporty hoodie
868	T-shirt	Sporty hoodie
869	Dress	Casual jeans
870	Hoodie	Formal suit
871	Jacket	Sporty hoodie
872	Hoodie	Casual jeans
873	Jacket	Sporty hoodie
874	Hoodie	Elegant dress
875	Shorts	Elegant dress
876	Sweater	Elegant dress
877	Hoodie	Bohemian skirt
878	Shorts	Elegant dress
879	Shorts	Sporty hoodie
880	Jacket	Casual jeans
881	Hoodie	Bohemian skirt
882	Jacket	Bohemian skirt
883	Pants	Sporty hoodie
884	Dress	Bohemian skirt
885	Blouse	Formal suit
886	Sweater	Elegant dress
887	Shorts	Casual jeans
888	Jacket	Sporty hoodie
889	Hoodie	Bohemian skirt
890	Skirt	Formal suit
891	Sweater	Sporty hoodie
892	Skirt	Formal suit
893	Blouse	Formal suit
894	Blouse	Casual jeans
895	T-shirt	Bohemian skirt
896	Hoodie	Formal suit
897	Pants	Casual jeans
898	Hoodie	Formal suit
899	T-shirt	Formal suit
900	Jacket	Casual jeans
901	Jeans	Bohemian skirt
902	Skirt	Elegant dress
903	Jeans	Casual jeans
904	Shorts	Elegant dress
905	Blouse	Bohemian skirt
906	Hoodie	Bohemian skirt
907	Skirt	Elegant dress
908	Skirt	Elegant dress
909	Pants	Bohemian skirt
910	Jacket	Elegant dress
911	Skirt	Sporty hoodie
912	Jeans	Sporty hoodie
913	Skirt	Bohemian skirt
914	Pants	Formal suit
915	Jeans	Bohemian skirt
916	Hoodie	Casual jeans
917	Jacket	Formal suit
918	Sweater	Sporty hoodie
919	Jacket	Casual jeans
920	Dress	Formal suit
921	Pants	Bohemian skirt
922	Jeans	Formal suit
923	Dress	Bohemian skirt
924	T-shirt	Bohemian skirt
925	Blouse	Elegant dress
926	Jacket	Elegant dress
927	T-shirt	Formal suit
928	Sweater	Formal suit
929	Skirt	Sporty hoodie
930	Dress	Casual jeans
931	Pants	Bohemian skirt
932	Blouse	Formal suit
933	T-shirt	Bohemian skirt
934	Shorts	Bohemian skirt
935	Jeans	Bohemian skirt
936	Blouse	Sporty hoodie
937	Jacket	Bohemian skirt
938	Hoodie	Casual jeans
939	T-shirt	Casual jeans
940	Jacket	Casual jeans
941	Skirt	Formal suit
942	Jacket	Bohemian skirt
943	Skirt	Formal suit
944	Skirt	Sporty hoodie
945	Sweater	Formal suit
946	Sweater	Formal suit
947	Hoodie	Bohemian skirt
948	Pants	Elegant dress
949	T-shirt	Formal suit
950	Pants	Elegant dress
951	Blouse	Formal suit
952	Hoodie	Sporty hoodie
953	Pants	Bohemian skirt
954	Pants	Sporty hoodie
955	Shorts	Formal suit
956	Sweater	Elegant dress
957	Skirt	Elegant dress
958	Sweater	Formal suit
959	Sweater	Elegant dress
960	Hoodie	Sporty hoodie
961	T-shirt	Casual jeans
962	Jeans	Formal suit
963	T-shirt	Casual jeans
964	Shorts	Casual jeans
965	Skirt	Formal suit
966	Hoodie	Sporty hoodie
967	Blouse	Casual jeans
968	T-shirt	Bohemian skirt
969	Jacket	Casual jeans
970	Jeans	Sporty hoodie
971	Hoodie	Sporty hoodie
972	Skirt	Casual jeans
973	Hoodie	Sporty hoodie
974	Blouse	Casual jeans
975	Pants	Elegant dress
976	Shorts	Formal suit
977	Shorts	Bohemian skirt
978	Jeans	Sporty hoodie
979	Jacket	Casual jeans
980	Pants	Bohemian skirt
981	Skirt	Formal suit
982	Jacket	Sporty hoodie
983	Skirt	Casual jeans
984	Hoodie	Elegant dress
985	Dress	Formal suit
986	Jacket	Sporty hoodie
987	T-shirt	Formal suit
988	Dress	Formal suit
989	Skirt	Elegant dress
990	Jacket	Elegant dress
991	Skirt	Bohemian skirt
992	Jeans	Sporty hoodie
993	Blouse	Sporty hoodie
994	Skirt	Formal suit
995	Hoodie	Formal suit
996	Shorts	Elegant dress
997	T-shirt	Elegant dress
998	Skirt	Bohemian skirt
999	Jacket	Casual jeans
1000	Jeans	Formal suit
\.


--
-- Data for Name: clothes_patterns; Type: TABLE DATA; Schema: catalog; Owner: postgres
--

COPY catalog.clothes_patterns (pattern_id, size, pattern_usage, tutorial, material_id, model_id) FROM stdin;
1	S         	74.65	Step-by-Step Guide to Making a Skirt	1	1
2	L         	42.56	Step-by-Step Guide to Making a Skirt	2	2
3	XL        	13.79	Sewing a Button-Up Shirt from Scratch	3	3
4	XS        	84.76	Sewing a Button-Up Shirt from Scratch	4	4
5	M         	28.25	How to Sew a Basic T-Shirt	5	5
6	M         	2.21	Easy DIY Pants Pattern	6	6
7	M         	52.43	Easy DIY Pants Pattern	7	7
8	L         	4.93	How to Sew a Basic T-Shirt	8	8
9	XL        	26.41	Sewing a Button-Up Shirt from Scratch	9	9
10	S         	87.06	How to Sew a Basic T-Shirt	10	10
11	L         	29.72	Sewing a Button-Up Shirt from Scratch	11	11
12	S         	50.61	Sewing a Button-Up Shirt from Scratch	12	12
13	L         	40.61	Sewing a Button-Up Shirt from Scratch	13	13
14	XS        	96.07	How to Sew a Basic T-Shirt	14	14
15	XS        	27.39	Easy DIY Pants Pattern	15	15
16	L         	65.98	Easy DIY Pants Pattern	16	16
17	XL        	80.55	Sewing a Button-Up Shirt from Scratch	17	17
18	S         	55.62	Easy DIY Pants Pattern	18	18
19	L         	39.23	Easy DIY Pants Pattern	19	19
20	XL        	84.26	Easy DIY Pants Pattern	20	20
21	XXL       	27.47	Easy DIY Pants Pattern	21	21
22	M         	23.2	How to Sew a Basic T-Shirt	22	22
23	M         	63.98	Easy DIY Pants Pattern	23	23
24	L         	83.46	Creating Your Own Dress Pattern	24	24
25	M         	74.9	How to Sew a Basic T-Shirt	25	25
26	XXL       	50.61	Step-by-Step Guide to Making a Skirt	26	26
27	S         	27.5	How to Sew a Basic T-Shirt	27	27
28	XXL       	40.96	Step-by-Step Guide to Making a Skirt	28	28
29	L         	57.79	Sewing a Button-Up Shirt from Scratch	29	29
30	M         	33.51	Sewing a Button-Up Shirt from Scratch	30	30
\.


--
-- Name: clothes_materials_material_id_seq; Type: SEQUENCE SET; Schema: catalog; Owner: postgres
--

SELECT pg_catalog.setval('catalog.clothes_materials_material_id_seq', 1, false);


--
-- Name: clothes_materials_material_id_seq1; Type: SEQUENCE SET; Schema: catalog; Owner: postgres
--

SELECT pg_catalog.setval('catalog.clothes_materials_material_id_seq1', 1, false);


--
-- Name: clothes_media_photo_id_seq; Type: SEQUENCE SET; Schema: catalog; Owner: postgres
--

SELECT pg_catalog.setval('catalog.clothes_media_photo_id_seq', 1, false);


--
-- Name: clothes_media_photo_id_seq1; Type: SEQUENCE SET; Schema: catalog; Owner: postgres
--

SELECT pg_catalog.setval('catalog.clothes_media_photo_id_seq1', 1, false);


--
-- Name: clothes_models_model_id_seq; Type: SEQUENCE SET; Schema: catalog; Owner: postgres
--

SELECT pg_catalog.setval('catalog.clothes_models_model_id_seq', 1, false);


--
-- Name: clothes_models_model_id_seq1; Type: SEQUENCE SET; Schema: catalog; Owner: postgres
--

SELECT pg_catalog.setval('catalog.clothes_models_model_id_seq1', 3, true);


--
-- Name: clothes_patterns_pattern_id_seq; Type: SEQUENCE SET; Schema: catalog; Owner: postgres
--

SELECT pg_catalog.setval('catalog.clothes_patterns_pattern_id_seq', 1, false);


--
-- Name: clothes_patterns_pattern_id_seq1; Type: SEQUENCE SET; Schema: catalog; Owner: postgres
--

SELECT pg_catalog.setval('catalog.clothes_patterns_pattern_id_seq1', 3, true);


--
-- Name: model_id_sequence; Type: SEQUENCE SET; Schema: catalog; Owner: postgres
--

SELECT pg_catalog.setval('catalog.model_id_sequence', 1000, true);


--
-- Name: clothes_materials clothes_materials_pkey; Type: CONSTRAINT; Schema: catalog; Owner: postgres
--

ALTER TABLE ONLY catalog.clothes_materials
    ADD CONSTRAINT clothes_materials_pkey PRIMARY KEY (material_id);


--
-- Name: clothes_media clothes_media_pkey; Type: CONSTRAINT; Schema: catalog; Owner: postgres
--

ALTER TABLE ONLY catalog.clothes_media
    ADD CONSTRAINT clothes_media_pkey PRIMARY KEY (photo_id);


--
-- Name: clothes_models clothes_models_pkey; Type: CONSTRAINT; Schema: catalog; Owner: postgres
--

ALTER TABLE ONLY catalog.clothes_models
    ADD CONSTRAINT clothes_models_pkey PRIMARY KEY (model_id);


--
-- Name: clothes_patterns clothes_patterns_pkey; Type: CONSTRAINT; Schema: catalog; Owner: postgres
--

ALTER TABLE ONLY catalog.clothes_patterns
    ADD CONSTRAINT clothes_patterns_pkey PRIMARY KEY (pattern_id);


--
-- Name: clothes_patterns material_id_fkey; Type: FK CONSTRAINT; Schema: catalog; Owner: postgres
--

ALTER TABLE ONLY catalog.clothes_patterns
    ADD CONSTRAINT material_id_fkey FOREIGN KEY (material_id) REFERENCES catalog.clothes_materials(material_id) MATCH FULL NOT VALID;


--
-- Name: clothes_media model_id_fkey; Type: FK CONSTRAINT; Schema: catalog; Owner: postgres
--

ALTER TABLE ONLY catalog.clothes_media
    ADD CONSTRAINT model_id_fkey FOREIGN KEY (model_id) REFERENCES catalog.clothes_models(model_id) MATCH FULL NOT VALID;


--
-- Name: clothes_patterns model_id_fkey; Type: FK CONSTRAINT; Schema: catalog; Owner: postgres
--

ALTER TABLE ONLY catalog.clothes_patterns
    ADD CONSTRAINT model_id_fkey FOREIGN KEY (model_id) REFERENCES catalog.clothes_models(model_id) MATCH FULL NOT VALID;


--
-- PostgreSQL database dump complete
--

